id,name,email,city
1,Halyna Kalinichenko,halyna.kalinichenko@gmail.com,Харків
2,Emiliia Zakharenko,emiliia.zakharenko@yahoo.com,Івано-Франківськ
3,Marichka Bondarenko,marichka.bondarenko@gmail.com,Кривий Ріг
4,Kostiantyn Tkachuk,kostiantyn.tkachuk@gmail.com,Тернопіль
5,Daryna Karpenko,daryna.karpenko@gmail.com,Івано-Франківськ
6,Angelina Pavluk,angelina.pavluk@hotmail.com,Суми
7,Marian Mykhalyuk,marian.mykhalyuk@hotmail.com,Чернігів
8,Timofiy Polishchuk,timofiy.polishchuk@gmail.com,Вінниця
9,Vasyliy Oliynyk,vasyliy.oliynyk@gmail.com,Полтава
10,Stanislav Yakovenko,stanislav.yakovenko@icloud.com,Житомир
11,Ruslana Pashchenko,ruslana.pashchenko@yahoo.com,Чернігів
12,Anatoliy Pylypenko,anatoliy.pylypenko@gmail.com,Луцьк
13,Ihor Bondar,ihor.bondar@icloud.com,Кривий Ріг
14,Hanna Savchenko,hanna.savchenko@hotmail.com,Чернігів
15,Hryhoriy Panchenko,hryhoriy.panchenko@gmail.com,Чернівці
16,Dmytro Klymenko,dmytro.klymenko@hotmail.com,Одеса
17,Orest Vovk,orest.vovk@icloud.com,Рівне
18,Mykhailo Tkachenko,mykhailo.tkachenko@yahoo.com,Кривий Ріг
19,Lukyan Sydorenko,lukyan.sydorenko@gmail.com,Миколаїв
20,Kyrylo Kostenko,kyrylo.kostenko@icloud.com,Тернопіль
21,Orysya Mykhalchuk,orysya.mykhalchuk@icloud.com,Тернопіль
22,Melania Zaytsev,melania.zaytsev@icloud.com,Тернопіль
23,Sviatoslav Tarasenko,sviatoslav.tarasenko@gmail.com,Чернівці
24,Yana Protsenko,yana.protsenko@gmail.com,Тернопіль
25,Serhiy Ovcharenko,serhiy.ovcharenko@icloud.com,Чернівці
26,Sofiia Matviyenko,sofiia.matviyenko@gmail.com,Чернівці
27,Roman Vasylenko,roman.vasylenko@hotmail.com,Житомир
28,Roksolana Kornienko,roksolana.kornienko@gmail.com,Тернопіль
29,Olena Mykytenko,olena.mykytenko@gmail.com,Вінниця
30,Oleksandr Konovalenko,oleksandr.konovalenko@gmail.com,Хмельницький
31,Illya Fedorenko,illya.fedorenko@icloud.com,Тернопіль
32,Solomiya Symonenko,solomiya.symonenko@icloud.com,Рівне
33,Arseniy Yaremenko,arseniy.yaremenko@gmail.com,Житомир
34,Liudmyla Semenov,liudmyla.semenov@yahoo.com,Харків
35,Zoriana Semenko,zoriana.semenko@icloud.com,Кривий Ріг
36,Yuriy Kolomiyets,yuriy.kolomiyets@outlook.com,Львів
37,Oleh Hrytsenko,oleh.hrytsenko@gmail.com,Черкаси
38,Mariia Yurchenko,mariia.yurchenko@gmail.com,Кривий Ріг
39,Kateryna Vasylchenko,kateryna.vasylchenko@zoho.com,Полтава
40,Yeva Kozak,yeva.kozak@gmail.com,Харків
41,Petro Pavlyuk,petro.pavlyuk@hotmail.com,Київ
42,Zoya Marchenko,zoya.marchenko@gmail.com,Чернігів
43,Halina Serhiyenko,halina.serhiyenko@icloud.com,Київ
44,Yevheniia Savenko,yevheniia.savenko@gmail.com,Чернігів
45,Stefaniia Onishchenko,stefaniia.onishchenko@icloud.com,Івано-Франківськ
46,Nataliia Bilan,nataliia.bilan@yahoo.com,Полтава
47,Myroslava Dovzhenko,myroslava.dovzhenko@yahoo.com,Львів
48,Matviy Kovalchuk,matviy.kovalchuk@icloud.com,Дніпро
49,Ostap Sobchuk,ostap.sobchuk@gmail.com,Житомир
50,Artem Ivanchuk,artem.ivanchuk@gmail.com,Черкаси
51,Ruslan Voloshyn,ruslan.voloshyn@hotmail.com,Запоріжжя
52,Rostyslav Tkach,rostyslav.tkach@icloud.com,Вінниця
53,Andriy Popov,andriy.popov@aol.com,Полтава
54,Tetiana Sergienko,tetiana.sergienko@gmail.com,Харків
55,Iryna Bilyk,iryna.bilyk@icloud.com,Миколаїв
56,Vira Lytvyn,vira.lytvyn@icloud.com,Чернівці
57,Alla Romanenko,alla.romanenko@yahoo.com,Львів
58,Larysa Nakonechny,larysa.nakonechny@icloud.com,Суми
59,Viktoriya Kravets,viktoriya.kravets@gmail.com,Кривий Ріг
60,Zlata Franchuk,zlata.franchuk@gmail.com,Чернівці
61,Tamara Petryk,tamara.petryk@hotmail.com,Вінниця
62,Oleksandra Kramarenko,oleksandra.kramarenko@icloud.com,Черкаси
63,Mykola Kharchenko,mykola.kharchenko@icloud.com,Запоріжжя
64,Yuliia Boyarchuk,yuliia.boyarchuk@gmail.com,Запоріжжя
65,Vasyl Tsymbal,vasyl.tsymbal@gmail.com,Луцьк
66,Borys Prykhodko,borys.prykhodko@hotmail.com,Львів
67,Diana Melnychenko,diana.melnychenko@gmail.com,Луцьк
68,Nazariy Petrenko,nazariy.petrenko@gmail.com,Запоріжжя
69,Vitalii Gaiduk,vitalii.gaiduk@gmail.com,Чернівці
70,Pavlo Soroka,pavlo.soroka@gmail.com,Одеса
71,Alyona Litvinenko,alyona.litvinenko@outlook.com,Одеса
72,Vadym Trofymenko,vadym.trofymenko@gmail.com,Хмельницький
73,Zlata Rybak,zlata.rybak@gmail.com,Тернопіль
74,Alina Nesterenko,alina.nesterenko@gmail.com,Чернігів
75,Valeriya Goncharenko,valeriya.goncharenko@hotmail.com,Чернівці
76,Oleksiy Miroshnychenko,oleksiy.miroshnychenko@gmail.com,Луцьк
77,Kalyna Honcharuk,kalyna.honcharuk@outlook.com,Львів
78,Myron Zhuk,myron.zhuk@sbcglobal.net,Дніпро
79,Valentyna Ilienko,valentyna.ilienko@icloud.com,Луцьк
80,Bohdana Ponomarenko,bohdana.ponomarenko@gmail.com,Полтава
81,Volodymyr Dmytrenko,volodymyr.dmytrenko@gmail.com,Київ
82,Anna Kovalenko,anna.kovalenko@icloud.com,Житомир
83,Yaroslava Stetsenko,yaroslava.stetsenko@gmail.com,Тернопіль
84,Natalka Shapoval,natalka.shapoval@icloud.com,Житомир
85,Valentyn Zagorodniy,valentyn.zagorodniy@icloud.com,Миколаїв
86,Danyil Gavrysh,danyil.gavrysh@gmail.com,Луцьк
87,Maksym Kuzmenko,maksym.kuzmenko@icloud.com,Запоріжжя
88,Raisa Levchenko,raisa.levchenko@gmail.com,Львів
89,Semen Berezovsky,semen.berezovsky@yahoo.com,Харків
90,Orysia Makarenko,orysia.makarenko@gmail.com,Миколаїв
91,Khrystyna Polukhin,khrystyna.polukhin@icloud.com,Миколаїв
92,Anton Ivanenko,anton.ivanenko@gmail.com,Полтава
93,Valentyn Pavlenko,valentyn.pavlenko@gmail.com,Івано-Франківськ
94,Marko Kyrychenko,marko.kyrychenko@gmail.com,Миколаїв
95,Zakhar Filenko,zakhar.filenko@icloud.com,Чернігів
96,Uliana Rudyk,uliana.rudyk@gmail.com,Одеса
97,Viktor Pavlov,viktor.pavlov@gmail.com,Харків
98,Milana Shevchuk,milana.shevchuk@me.com,Київ
99,Bohun Yaroshenko,bohun.yaroshenko@icloud.com,Чернігів
100,Vasylko Boyko,vasylko.boyko@yahoo.com,Миколаїв
101,Anastasia Pavlovsky,anastasia.pavlovsky@icloud.com,Хмельницький
102,Alisa Melnyk,alisa.melnyk@aol.com,Чернігів
103,Olha Koval,olha.koval@icloud.com,Вінниця
104,Ivan Savchuk,ivan.savchuk@gmail.com,Рівне
105,Svitlana Ishchenko,svitlana.ishchenko@gmail.com,Рівне
106,Vitaliy Zinchenko,vitaliy.zinchenko@outlook.com,Черкаси
107,Yaroslav Moroz,yaroslav.moroz@gmail.com,Івано-Франківськ
108,Inna Tymoshenko,inna.tymoshenko@gmail.com,Одеса
109,Yevhen Danylenko,yevhen.danylenko@gmail.com,Суми
110,Mariya Shvets,mariya.shvets@gmail.com,Рівне
111,Varvara Chernysh,varvara.chernysh@gmail.com,Хмельницький
112,Veronika Gerasymenko,veronika.gerasymenko@gmail.com,Івано-Франківськ
113,Myroslav Lysenko,myroslav.lysenko@icloud.com,Рівне
114,Taras Oleksenko,taras.oleksenko@gmail.com,Івано-Франківськ
115,Maryna Shapovalov,maryna.shapovalov@outlook.com,Луцьк
116,Stepan Grygorenko,stepan.grygorenko@gmail.com,Івано-Франківськ
117,Pavlo Kravchenko,pavlo.kravchenko@gmail.com,Кривий Ріг
118,Yosyp Koval,yosyp.koval@gmail.com,Чернівці
119,Maya Gorbachenko,maya.gorbachenko@gmail.com,Житомир
120,Nina Shevchenko,nina.shevchenko@gmail.com,Запоріжжя
121,Yelyzaveta Vozniak,yelyzaveta.vozniak@gmail.com,Львів
122,Nazar Lozynskyi,nazar.lozynskyi@yahoo.com,Львів
123,Vladyslav Havrylyuk,vladyslav.havrylyuk@gmail.com,Вінниця
124,Oksana Makhno,oksana.makhno@hotmail.com,Дніпро
125,Solomiia Kulyk,solomiia.kulyk@gmail.com,Хмельницький
126,Leonid Rudenko,leonid.rudenko@gmail.com,Рівне
127,Volodymyr Chernenko,volodymyr.chernenko@icloud.com,Чернівці
128,Ivanna Kotenko,ivanna.kotenko@gmail.com,Київ
129,Vasylyna Shapoval,vasylyna.shapoval@gmail.com,Рівне
130,Fedir Honcharuk,fedir.honcharuk@yahoo.com,Львів
131,Heorhiy Bondar,heorhiy.bondar@gmail.com,Вінниця
132,Danylo Ovcharenko,danylo.ovcharenko@yahoo.com,Тернопіль
133,Melaniia Pylypenko,melaniia.pylypenko@gmail.com,Полтава
134,Bohdan Miroshnychenko,bohdan.miroshnychenko@icloud.com,Суми
135,Liliya Makarenko,liliya.makarenko@icloud.com,Дніпро
136,Denys Semenov,denys.semenov@gmail.com,Чернігів
137,Dariia Rudyk,dariia.rudyk@gmail.com,Житомир
138,Myroslava Sergienko,myroslava.sergienko@gmail.com,Миколаїв
139,Lesia Ishchenko,lesia.ishchenko@hotmail.com,Львів
140,Maria Lozynskyi,maria.lozynskyi@yahoo.com,Миколаїв
141,Polina Boyko,polina.boyko@gmail.com,Київ
142,Sofia Berezovsky,sofia.berezovsky@hotmail.com,Запоріжжя
143,Levko Zagorodniy,levko.zagorodniy@icloud.com,Харків
144,Ruslan Kravchenko,ruslan.kravchenko@icloud.com,Луцьк
145,Lesya Ivanchuk,lesya.ivanchuk@gmail.com,Кривий Ріг
146,Yuliana Nakonechny,yuliana.nakonechny@icloud.com,Кривий Ріг
147,Liubov Boyarchuk,liubov.boyarchuk@yahoo.com,Чернігів
148,Viktoriia Gaiduk,viktoriia.gaiduk@gmail.com,Житомир
149,Mykola Shevchuk,mykola.shevchuk@hotmail.com,Житомир
150,Kira Litvinenko,kira.litvinenko@icloud.com,Рівне
151,Karina Bilyk,karina.bilyk@gmail.com,Полтава
152,Zoya Tkachuk,zoya.tkachuk@icloud.com,Луцьк
153,Anna Yakovenko,anna.yakovenko@gmail.com,Львів
154,Kostiantyn Tkachenko,kostiantyn.tkachenko@gmail.com,Рівне
155,Leonid Trofymenko,leonid.trofymenko@yahoo.com,Рівне
156,Anatoliy Koval,anatoliy.koval@gmail.com,Житомир
157,Ivanna Serhiyenko,ivanna.serhiyenko@gmail.com,Хмельницький
158,Roksolana Pashchenko,roksolana.pashchenko@gmail.com,Житомир
159,Ruslana Shevchenko,ruslana.shevchenko@me.com,Хмельницький
160,Hryhoriy Polukhin,hryhoriy.polukhin@gmail.com,Рівне
161,Myroslava Rybak,myroslava.rybak@gmail.com,Житомир
162,Svitlana Tkach,svitlana.tkach@gmail.com,Київ
163,Borys Mykytenko,borys.mykytenko@hotmail.com,Кривий Ріг
164,Lesia Petrenko,lesia.petrenko@gmail.com,Івано-Франківськ
165,Yuliia Dmytrenko,yuliia.dmytrenko@icloud.com,Чернівці
166,Diana Shapovalov,diana.shapovalov@hotmail.com,Кривий Ріг
167,Pavlo Romanenko,pavlo.romanenko@icloud.com,Львів
168,Yosyp Kyrychenko,yosyp.kyrychenko@gmail.com,Київ
169,Nataliia Nesterenko,nataliia.nesterenko@outlook.com,Миколаїв
170,Maksym Fedorenko,maksym.fedorenko@icloud.com,Хмельницький
171,Valentyn Danylenko,valentyn.danylenko@yahoo.com,Вінниця
172,Daryna Chernenko,daryna.chernenko@gmail.com,Рівне
173,Sofia Kolomiyets,sofia.kolomiyets@hotmail.com,Чернігів
174,Solomiia Savchenko,solomiia.savchenko@cox.net,Полтава
175,Vitaliy Koval,vitaliy.koval@gmail.com,Запоріжжя
176,Natalka Kramarenko,natalka.kramarenko@icloud.com,Львів
177,Polina Lysenko,polina.lysenko@hotmail.com,Тернопіль
178,Fedir Kalinichenko,fedir.kalinichenko@gmail.com,Рівне
179,Danylo Gorbachenko,danylo.gorbachenko@gmail.com,Чернігів
180,Emiliia Vovk,emiliia.vovk@icloud.com,Київ
181,Varvara Chernysh,varvara.chernysh@icloud.com,Миколаїв
182,Raisa Rudenko,raisa.rudenko@icloud.com,Житомир
183,Ivan Bilan,ivan.bilan@gmail.com,Вінниця
184,Marian Zakharenko,marian.zakharenko@hotmail.com,Вінниця
185,Volodymyr Stetsenko,volodymyr.stetsenko@gmail.com,Харків
186,Yuriy Yaremenko,yuriy.yaremenko@gmail.com,Львів
187,Denys Moroz,denys.moroz@gmail.com,Житомир
188,Oleh Gerasymenko,oleh.gerasymenko@gmail.com,Житомир
189,Uliana Sobchuk,uliana.sobchuk@gmail.com,Чернігів
190,Oleksandra Polishchuk,oleksandra.polishchuk@hotmail.com,Черкаси
191,Anton Lytvyn,anton.lytvyn@gmail.com,Хмельницький
192,Yaroslav Zaytsev,yaroslav.zaytsev@aol.com,Київ
193,Valentyn Kotenko,valentyn.kotenko@me.com,Полтава
194,Maria Oliynyk,maria.oliynyk@gmail.com,Житомир
195,Orest Kuzmenko,orest.kuzmenko@hotmail.com,Полтава
196,Nina Tymoshenko,nina.tymoshenko@icloud.com,Дніпро
197,Olena Grygorenko,olena.grygorenko@icloud.com,Черкаси
198,Yaroslava Kornienko,yaroslava.kornienko@gmail.com,Кривий Ріг
199,Zoriana Savchuk,zoriana.savchuk@icloud.com,Суми
200,Oleksiy Havrylyuk,oleksiy.havrylyuk@icloud.com,Рівне
201,Karina Filenko,karina.filenko@gmail.com,Житомир
202,Matviy Tsymbal,matviy.tsymbal@outlook.com,Київ
203,Khrystyna Vasylchenko,khrystyna.vasylchenko@icloud.com,Запоріжжя
204,Levko Panchenko,levko.panchenko@gmail.com,Полтава
205,Ihor Klymenko,ihor.klymenko@icloud.com,Миколаїв
206,Yeva Onishchenko,yeva.onishchenko@gmail.com,Чернігів
207,Lesya Levchenko,lesya.levchenko@gmail.com,Одеса
208,Kira Gavrysh,kira.gavrysh@gmail.com,Вінниця
209,Valentyna Petryk,valentyna.petryk@gmail.com,Львів
210,Zakhar Prykhodko,zakhar.prykhodko@gmail.com,Луцьк
211,Halina Matviyenko,halina.matviyenko@icloud.com,Запоріжжя
212,Kalyna Konovalenko,kalyna.konovalenko@icloud.com,Луцьк
213,Oksana Pavlov,oksana.pavlov@gmail.com,Суми
214,Andriy Makhno,andriy.makhno@outlook.com,Дніпро
215,Lukyan Pavlovsky,lukyan.pavlovsky@icloud.com,Вінниця
216,Myron Melnychenko,myron.melnychenko@gmail.com,Дніпро
217,Halyna Melnyk,halyna.melnyk@yahoo.com,Івано-Франківськ
218,Inna Semenko,inna.semenko@yahoo.com,Чернівці
219,Kyrylo Pavlyuk,kyrylo.pavlyuk@yahoo.com,Івано-Франківськ
220,Dmytro Vasylenko,dmytro.vasylenko@icloud.com,Хмельницький
221,Orysia Dovzhenko,orysia.dovzhenko@outlook.com,Луцьк
222,Petro Hrytsenko,petro.hrytsenko@gmail.com,Чернівці
223,Vitalii Pavluk,vitalii.pavluk@verizon.net,Київ
224,Valeriya Kostenko,valeriya.kostenko@icloud.com,Хмельницький
225,Yevhen Ilienko,yevhen.ilienko@outlook.com,Луцьк
226,Maryna Zinchenko,maryna.zinchenko@hotmail.com,Хмельницький
227,Tamara Franchuk,tamara.franchuk@icloud.com,Черкаси
228,Veronika Kozak,veronika.kozak@gmail.com,Львів
229,Vira Kharchenko,vira.kharchenko@icloud.com,Полтава
230,Melania Goncharenko,melania.goncharenko@icloud.com,Чернівці
231,Oleksandr Tarasenko,oleksandr.tarasenko@gmail.com,Чернівці
232,Marko Popov,marko.popov@gmail.com,Харків
233,Semen Pavlenko,semen.pavlenko@hotmail.com,Полтава
234,Nazariy Marchenko,nazariy.marchenko@icloud.com,Чернігів
235,Pavlo Symonenko,pavlo.symonenko@gmail.com,Рівне
236,Kateryna Yurchenko,kateryna.yurchenko@hotmail.com,Вінниця
237,Solomiya Ivanenko,solomiya.ivanenko@icloud.com,Миколаїв
238,Dariia Kovalchuk,dariia.kovalchuk@icloud.com,Житомир
239,Yuliana Protsenko,yuliana.protsenko@gmail.com,Київ
240,Liubov Vozniak,liubov.vozniak@gmail.com,Суми
241,Liudmyla Ponomarenko,liudmyla.ponomarenko@icloud.com,Тернопіль
242,Nazar Mykhalchuk,nazar.mykhalchuk@gmail.com,Чернівці
243,Vasyliy Savenko,vasyliy.savenko@gmail.com,Суми
244,Zlata Bondarenko,zlata.bondarenko@gmail.com,Полтава
245,Sviatoslav Karpenko,sviatoslav.karpenko@proton.me,Харків
246,Alla Zhuk,alla.zhuk@yahoo.com,Рівне
247,Stefaniia Kulyk,stefaniia.kulyk@gmail.com,Луцьк
248,Mykhailo Yaroshenko,mykhailo.yaroshenko@yahoo.com,Чернівці
249,Alyona Soroka,alyona.soroka@gmail.com,Запоріжжя
250,Vasyl Mykhalyuk,vasyl.mykhalyuk@icloud.com,Дніпро
251,Viktor Kovalenko,viktor.kovalenko@hotmail.com,Київ
252,Bohun Sydorenko,bohun.sydorenko@yahoo.com,Хмельницький
253,Alina Voloshyn,alina.voloshyn@aol.com,Одеса
254,Sofiia Oleksenko,sofiia.oleksenko@icloud.com,Вінниця
255,Viktoriia Shvets,viktoriia.shvets@hotmail.com,Чернівці
256,Vasylyna Kravets,vasylyna.kravets@gmail.com,Запоріжжя
257,Alisa Kolomiyets,alisa.kolomiyets@icloud.com,Миколаїв
258,Stepan Pavlovsky,stepan.pavlovsky@icloud.com,Чернігів
259,Timofiy Nesterenko,timofiy.nesterenko@icloud.com,Миколаїв
260,Liliya Danylenko,liliya.danylenko@gmail.com,Суми
261,Bohdana Polishchuk,bohdana.polishchuk@icloud.com,Рівне
262,Stanislav Voloshyn,stanislav.voloshyn@icloud.com,Полтава
263,Taras Vasylenko,taras.vasylenko@yahoo.com,Суми
264,Viktoriya Levchenko,viktoriya.levchenko@hotmail.com,Кривий Ріг
265,Roman Pavlenko,roman.pavlenko@gmail.com,Чернівці
266,Rostyslav Vozniak,rostyslav.vozniak@gmail.com,Чернігів
267,Yana Shevchuk,yana.shevchuk@icloud.com,Черкаси
268,Serhiy Zinchenko,serhiy.zinchenko@gmail.com,Черкаси
269,Anastasia Gavrysh,anastasia.gavrysh@gmail.com,Львів
270,Yevheniia Makhno,yevheniia.makhno@gmail.com,Київ
271,Mariya Ilienko,mariya.ilienko@icloud.com,Івано-Франківськ
272,Vadym Ovcharenko,vadym.ovcharenko@gmail.com,Харків
273,Heorhiy Kharchenko,heorhiy.kharchenko@gmail.com,Миколаїв
274,Volodymyr Savchuk,volodymyr.savchuk@gmail.com,Чернівці
275,Illya Pylypenko,illya.pylypenko@yahoo.com,Одеса
276,Vladyslav Chernenko,vladyslav.chernenko@icloud.com,Івано-Франківськ
277,Angelina Mykhalchuk,angelina.mykhalchuk@icloud.com,Житомир
278,Myroslav Vasylchenko,myroslav.vasylchenko@icloud.com,Рівне
279,Arseniy Rybak,arseniy.rybak@gmail.com,Київ
280,Vasylko Kovalenko,vasylko.kovalenko@icloud.com,Дніпро
281,Ostap Kyrychenko,ostap.kyrychenko@gmail.com,Тернопіль
282,Marichka Ivanenko,marichka.ivanenko@hotmail.com,Дніпро
283,Bohdan Vovk,bohdan.vovk@comcast.net,Черкаси
284,Iryna Pashchenko,iryna.pashchenko@yahoo.com,Чернігів
285,Maya Bilan,maya.bilan@gmail.com,Вінниця
286,Danyil Yaremenko,danyil.yaremenko@gmail.com,Запоріжжя
287,Artem Melnyk,artem.melnyk@gmail.com,Рівне
288,Mykola Petrenko,mykola.petrenko@gmail.com,Харків
289,Orysya Sydorenko,orysya.sydorenko@icloud.com,Чернігів
290,Zlata Kravchenko,zlata.kravchenko@gmail.com,Чернігів
291,Anatoliy Shevchenko,anatoliy.shevchenko@icloud.com,Черкаси
292,Milana Lytvyn,milana.lytvyn@gmail.com,Миколаїв
293,Melaniia Yurchenko,melaniia.yurchenko@gmail.com,Запоріжжя
294,Zakhar Ishchenko,zakhar.ishchenko@gmail.com,Львів
295,Viktor Zaytsev,viktor.zaytsev@gmail.com,Луцьк
296,Maksym Berezovsky,maksym.berezovsky@gmail.com,Дніпро
297,Yelyzaveta Miroshnychenko,yelyzaveta.miroshnychenko@yahoo.com,Чернівці
298,Denys Oliynyk,denys.oliynyk@icloud.com,Чернівці
299,Olha Kramarenko,olha.kramarenko@gmail.com,Запоріжжя
300,Myroslava Kulyk,myroslava.kulyk@gmail.com,Рівне
301,Mariia Tkach,mariia.tkach@yahoo.com,Хмельницький
302,Ruslan Gorbachenko,ruslan.gorbachenko@icloud.com,Миколаїв
303,Fedir Ponomarenko,fedir.ponomarenko@gmail.com,Харків
304,Marko Fedorenko,marko.fedorenko@icloud.com,Львів
305,Hanna Dovzhenko,hanna.dovzhenko@gmail.com,Вінниця
306,Tetiana Filenko,tetiana.filenko@gmail.com,Одеса
307,Lukyan Semenko,lukyan.semenko@icloud.com,Київ
308,Vitalii Savchenko,vitalii.savchenko@yahoo.com,Хмельницький
309,Larysa Pavlyuk,larysa.pavlyuk@gmail.com,Чернігів
310,Myroslava Tymoshenko,myroslava.tymoshenko@gmail.com,Житомир
311,Matviy Honcharuk,matviy.honcharuk@gmail.com,Полтава
312,Marian Tkachenko,marian.tkachenko@gmail.com,Одеса
313,Rostyslav Yaroshenko,rostyslav.yaroshenko@icloud.com,Житомир
314,Nazariy Sobchuk,nazariy.sobchuk@icloud.com,Рівне
315,Volodymyr Kozak,volodymyr.kozak@gmail.com,Житомир
316,Dariia Lysenko,dariia.lysenko@gmail.com,Рівне
317,Valentyn Kornienko,valentyn.kornienko@icloud.com,Дніпро
318,Uliana Boyarchuk,uliana.boyarchuk@gmail.com,Дніпро
319,Vadym Moroz,vadym.moroz@gmail.com,Житомир
320,Roman Kotenko,roman.kotenko@gmail.com,Харків
321,Larysa Karpenko,larysa.karpenko@icloud.com,Черкаси
322,Zlata Litvinenko,zlata.litvinenko@gmail.com,Вінниця
323,Vasylko Goncharenko,vasylko.goncharenko@gmail.com,Львів
324,Ostap Shapovalov,ostap.shapovalov@gmail.com,Харків
325,Mariya Rudyk,mariya.rudyk@yahoo.com,Тернопіль
326,Halyna Pavluk,halyna.pavluk@gmail.com,Черкаси
327,Emiliia Kovalchuk,emiliia.kovalchuk@hotmail.com,Луцьк
328,Oleksiy Koval,oleksiy.koval@gmail.com,Чернігів
329,Anna Matviyenko,anna.matviyenko@gmail.com,Запоріжжя
330,Anton Sergienko,anton.sergienko@gmail.com,Хмельницький
331,Zlata Polukhin,zlata.polukhin@icloud.com,Харків
332,Lesia Soroka,lesia.soroka@charter.net,Вінниця
333,Viktoriya Kravets,viktoriya.kravets@icloud.com,Харків
334,Anastasia Protsenko,anastasia.protsenko@gmail.com,Дніпро
335,Yuriy Rudenko,yuriy.rudenko@icloud.com,Черкаси
336,Andriy Semenov,andriy.semenov@hotmail.com,Тернопіль
337,Melania Zakharenko,melania.zakharenko@icloud.com,Хмельницький
338,Volodymyr Gaiduk,volodymyr.gaiduk@gmail.com,Полтава
339,Iryna Yakovenko,iryna.yakovenko@gmail.com,Івано-Франківськ
340,Milana Boyko,milana.boyko@icloud.com,Житомир
341,Kalyna Shvets,kalyna.shvets@icloud.com,Житомир
342,Viktoriia Chernysh,viktoriia.chernysh@aol.com,Запоріжжя
343,Levko Tsymbal,levko.tsymbal@charter.net,Вінниця
344,Orysya Klymenko,orysya.klymenko@gmail.com,Миколаїв
345,Yeva Mykhalyuk,yeva.mykhalyuk@gmail.com,Суми
346,Nazar Romanenko,nazar.romanenko@icloud.com,Рівне
347,Hanna Symonenko,hanna.symonenko@yahoo.com,Чернігів
348,Artem Ivanchuk,artem.ivanchuk@hotmail.com,Вінниця
349,Stepan Makarenko,stepan.makarenko@gmail.com,Житомир
350,Ivanna Hrytsenko,ivanna.hrytsenko@gmail.com,Одеса
351,Yana Melnychenko,yana.melnychenko@outlook.com,Черкаси
352,Leonid Gerasymenko,leonid.gerasymenko@gmail.com,Чернівці
353,Alina Grygorenko,alina.grygorenko@icloud.com,Тернопіль
354,Bohdan Bondar,bohdan.bondar@aol.com,Хмельницький
355,Vasyl Nakonechny,vasyl.nakonechny@icloud.com,Миколаїв
356,Liliya Dmytrenko,liliya.dmytrenko@icloud.com,Суми
357,Kyrylo Kalinichenko,kyrylo.kalinichenko@gmail.com,Хмельницький
358,Serhiy Kostenko,serhiy.kostenko@live.com,Хмельницький
359,Danyil Serhiyenko,danyil.serhiyenko@gmail.com,Дніпро
360,Yuliia Franchuk,yuliia.franchuk@aol.com,Тернопіль
361,Maryna Marchenko,maryna.marchenko@me.com,Харків
362,Vasyliy Havrylyuk,vasyliy.havrylyuk@gmail.com,Черкаси
363,Nataliia Koval,nataliia.koval@icloud.com,Рівне
364,Zoriana Konovalenko,zoriana.konovalenko@icloud.com,Полтава
365,Myroslava Petryk,myroslava.petryk@gmail.com,Дніпро
366,Oksana Zagorodniy,oksana.zagorodniy@gmail.com,Одеса
367,Danylo Bilyk,danylo.bilyk@gmail.com,Миколаїв
368,Mariia Kuzmenko,mariia.kuzmenko@gmail.com,Львів
369,Taras Stetsenko,taras.stetsenko@icloud.com,Суми
370,Bohdana Shapoval,bohdana.shapoval@gmail.com,Львів
371,Marichka Savenko,marichka.savenko@gmail.com,Вінниця
372,Pavlo Pavlov,pavlo.pavlov@icloud.com,Київ
373,Yaroslav Tarasenko,yaroslav.tarasenko@gmail.com,Запоріжжя
374,Natalka Popov,natalka.popov@outlook.com,Харків
375,Bohun Trofymenko,bohun.trofymenko@icloud.com,Хмельницький
376,Khrystyna Panchenko,khrystyna.panchenko@gmail.com,Харків
377,Alyona Mykytenko,alyona.mykytenko@yahoo.com,Житомир
378,Heorhiy Bondarenko,heorhiy.bondarenko@hotmail.com,Черкаси
379,Halina Prykhodko,halina.prykhodko@cox.net,Тернопіль
380,Yuliana Onishchenko,yuliana.onishchenko@gmail.com,Кривий Ріг
381,Mykhailo Zhuk,mykhailo.zhuk@gmail.com,Запоріжжя
382,Polina Tkachuk,polina.tkachuk@gmail.com,Тернопіль
383,Ruslana Lozynskyi,ruslana.lozynskyi@gmail.com,Запоріжжя
384,Svitlana Oleksenko,svitlana.oleksenko@aol.com,Чернігів
385,Yevheniia Shapoval,yevheniia.shapoval@gmail.com,Полтава
386,Kostiantyn Ivanchuk,kostiantyn.ivanchuk@gmail.com,Тернопіль
387,Myron Kotenko,myron.kotenko@gmail.com,Житомир
388,Yosyp Koval,yosyp.koval@yahoo.com,Тернопіль
389,Alla Rybak,alla.rybak@icloud.com,Запоріжжя
390,Timofiy Pavlyuk,timofiy.pavlyuk@yahoo.com,Дніпро
391,Petro Prykhodko,petro.prykhodko@gmail.com,Дніпро
392,Valentyn Vasylenko,valentyn.vasylenko@yahoo.com,Київ
393,Inna Melnychenko,inna.melnychenko@gmail.com,Хмельницький
394,Oleksandra Honcharuk,oleksandra.honcharuk@me.com,Черкаси
395,Borys Vovk,borys.vovk@gmail.com,Житомир
396,Oleksandr Ponomarenko,oleksandr.ponomarenko@yahoo.com,Суми
397,Orest Pavluk,orest.pavluk@gmail.com,Полтава
398,Stanislav Bilan,stanislav.bilan@hotmail.com,Хмельницький
399,Karina Petrenko,karina.petrenko@gmail.com,Рівне
400,Varvara Pavlov,varvara.pavlov@icloud.com,Суми
401,Semen Trofymenko,semen.trofymenko@hotmail.com,Вінниця
402,Pavlo Sobchuk,pavlo.sobchuk@gmail.com,Полтава
403,Stefaniia Ishchenko,stefaniia.ishchenko@gmail.com,Одеса
404,Maria Shvets,maria.shvets@icloud.com,Черкаси
405,Vasylyna Kuzmenko,vasylyna.kuzmenko@yahoo.com,Івано-Франківськ
406,Kira Tkach,kira.tkach@icloud.com,Хмельницький
407,Olha Nesterenko,olha.nesterenko@yahoo.com,Суми
408,Olena Fedorenko,olena.fedorenko@gmail.com,Київ
409,Solomiia Boyko,solomiia.boyko@verizon.net,Дніпро
410,Yaroslava Bondar,yaroslava.bondar@icloud.com,Львів
411,Illya Shapovalov,illya.shapovalov@gmail.com,Чернігів
412,Ivan Panchenko,ivan.panchenko@gmail.com,Харків
413,Roksolana Kalinichenko,roksolana.kalinichenko@gmail.com,Вінниця
414,Oleh Pashchenko,oleh.pashchenko@yahoo.com,Луцьк
415,Hryhoriy Danylenko,hryhoriy.danylenko@hotmail.com,Тернопіль
416,Daryna Gerasymenko,daryna.gerasymenko@icloud.com,Львів
417,Arseniy Kozak,arseniy.kozak@gmail.com,Житомир
418,Dmytro Serhiyenko,dmytro.serhiyenko@gmail.com,Кривий Ріг
419,Liubov Mykytenko,liubov.mykytenko@me.com,Миколаїв
420,Yevhen Shevchenko,yevhen.shevchenko@gmail.com,Чернівці
421,Angelina Gaiduk,angelina.gaiduk@gmail.com,Запоріжжя
422,Sviatoslav Kramarenko,sviatoslav.kramarenko@gmail.com,Луцьк
423,Raisa Zinchenko,raisa.zinchenko@att.net,Львів
424,Myroslav Pylypenko,myroslav.pylypenko@gmail.com,Суми
425,Vira Hrytsenko,vira.hrytsenko@gmail.com,Одеса
426,Ihor Marchenko,ihor.marchenko@gmail.com,Черкаси
427,Sofia Makarenko,sofia.makarenko@hotmail.com,Тернопіль
428,Zoya Zhuk,zoya.zhuk@outlook.com,Рівне
429,Vitaliy Koval,vitaliy.koval869@gmail.com,Харків
430,Vladyslav Lozynskyi,vladyslav.lozynskyi@gmail.com,Чернігів
431,Maya Havrylyuk,maya.havrylyuk@gmail.com,Чернігів
432,Yelyzaveta Lytvyn,yelyzaveta.lytvyn@icloud.com,Івано-Франківськ
433,Valentyna Karpenko,valentyna.karpenko@icloud.com,Кривий Ріг
434,Denys Levchenko,denys.levchenko@icloud.com,Київ
435,Ruslan Makhno,ruslan.makhno@gmail.com,Одеса
436,Fedir Kyrychenko,fedir.kyrychenko@gmail.com,Вінниця
437,Marko Boyarchuk,marko.boyarchuk@icloud.com,Дніпро
438,Lukyan Savchenko,lukyan.savchenko@gmail.com,Рівне
439,Vitalii Ivanenko,vitalii.ivanenko@gmail.com,Дніпро
440,Matviy Franchuk,matviy.franchuk@outlook.com,Чернігів
441,Orysia Oliynyk,orysia.oliynyk@icloud.com,Київ
442,Marian Litvinenko,marian.litvinenko@gmail.com,Чернівці
443,Alisa Mykhalchuk,alisa.mykhalchuk@icloud.com,Львів
444,Rostyslav Yakovenko,rostyslav.yakovenko@outlook.com,Харків
445,Tetiana Yaroshenko,tetiana.yaroshenko@icloud.com,Дніпро
446,Solomiya Romanenko,solomiya.romanenko@gmail.com,Чернівці
447,Veronika Zakharenko,veronika.zakharenko@gmail.com,Тернопіль
448,Nazariy Zaytsev,nazariy.zaytsev@gmail.com,Львів
449,Volodymyr Onishchenko,volodymyr.onishchenko@att.net,Кривий Ріг
450,Valentyn Kolomiyets,valentyn.kolomiyets@me.com,Чернігів
451,Vadym Savenko,vadym.savenko@gmail.com,Київ
452,Nina Pavlenko,nina.pavlenko@hotmail.com,Луцьк
453,Roman Klymenko,roman.klymenko@gmail.com,Запоріжжя
454,Vasylko Gavrysh,vasylko.gavrysh@gmail.com,Луцьк
455,Ostap Tymoshenko,ostap.tymoshenko@yahoo.com,Дніпро
456,Sofiia Filenko,sofiia.filenko@gmail.com,Хмельницький
457,Kateryna Ovcharenko,kateryna.ovcharenko@gmail.com,Житомир
458,Oleksiy Goncharenko,oleksiy.goncharenko@gmail.com,Черкаси
459,Anton Shevchuk,anton.shevchuk@gmail.com,Вінниця
460,Yuriy Kravchenko,yuriy.kravchenko@hotmail.com,Київ
461,Andriy Pavlovsky,andriy.pavlovsky@gmail.com,Тернопіль
462,Valeriya Oleksenko,valeriya.oleksenko@icloud.com,Луцьк
463,Diana Miroshnychenko,diana.miroshnychenko@hotmail.com,Запоріжжя
464,Volodymyr Rudenko,volodymyr.rudenko@icloud.com,Полтава
465,Tamara Petryk,tamara.petryk@gmail.com,Луцьк
466,Liudmyla Gorbachenko,liudmyla.gorbachenko@icloud.com,Івано-Франківськ
467,Levko Kostenko,levko.kostenko@gmail.com,Луцьк
468,Melaniia Sergienko,melaniia.sergienko@icloud.com,Рівне
469,Lesya Vasylchenko,lesya.vasylchenko@protonmail.com,Одеса
470,Nazar Kharchenko,nazar.kharchenko@hotmail.com,Черкаси
471,Artem Bilyk,artem.bilyk@gmail.com,Харків
472,Stepan Voloshyn,stepan.voloshyn@gmail.com,Вінниця
473,Leonid Konovalenko,leonid.konovalenko@gmail.com,Вінниця
474,Bohdan Tsymbal,bohdan.tsymbal@gmail.com,Миколаїв
475,Vasyl Kulyk,vasyl.kulyk@gmail.com,Полтава
476,Myroslava Symonenko,myroslava.symonenko@icloud.com,Тернопіль
477,Kyrylo Polukhin,kyrylo.polukhin@yahoo.com,Вінниця
478,Liliya Rudyk,liliya.rudyk@hotmail.com,Одеса
479,Serhiy Tkachenko,serhiy.tkachenko@gmail.com,Запоріжжя
480,Danyil Semenko,danyil.semenko@gmail.com,Київ
481,Vasyliy Protsenko,vasyliy.protsenko@icloud.com,Полтава
482,Danylo Chernysh,danylo.chernysh@icloud.com,Черкаси
483,Taras Kovalchuk,taras.kovalchuk@gmail.com,Миколаїв
484,Veronika Tkachuk,veronika.tkachuk@gmail.com,Рівне
485,Alyona Matviyenko,alyona.matviyenko@gmail.com,Рівне
486,Alina Yaremenko,alina.yaremenko@icloud.com,Кривий Ріг
487,Melania Ilienko,melania.ilienko@gmail.com,Харків
488,Pavlo Grygorenko,pavlo.grygorenko@gmail.com,Хмельницький
489,Yaroslav Stetsenko,yaroslav.stetsenko@icloud.com,Харків
490,Bohun Bondarenko,bohun.bondarenko@gmail.com,Полтава
491,Heorhiy Berezovsky,heorhiy.berezovsky@gmail.com,Луцьк
492,Natalka Lysenko,natalka.lysenko@hotmail.com,Суми
493,Zoriana Popov,zoriana.popov@yahoo.com,Львів
494,Mykhailo Dovzhenko,mykhailo.dovzhenko@gmail.com,Дніпро
495,Kostiantyn Moroz,kostiantyn.moroz@gmail.com,Харків
496,Myron Vozniak,myron.vozniak@outlook.com,Суми
497,Yosyp Kovalenko,yosyp.kovalenko@gmail.com,Хмельницький
498,Timofiy Zagorodniy,timofiy.zagorodniy@gmail.com,Рівне
499,Petro Kravets,petro.kravets@icloud.com,Чернівці
500,Kalyna Sydorenko,kalyna.sydorenko@icloud.com,Запоріжжя
